Asset,Date Acquired,Date Sold,Proceeds,Cost Basis,Empty1, Empty2,Gain or Loss
0.035566343927705465 ETH,11/8/21,1/14/22,$115.83 ,$164.55 ,,,-48.72
0.39054894 RENBTC,1/14/22,1/14/22,"$16,811.04 ","$16,606.56 ",,,204.48
0.0307308985312152 ETH,11/8/21,1/14/22,$100.08 ,$142.18 ,,,-42.1
0.006775876361548311 ETH,11/8/21,1/14/22,$22.07 ,$31.35 ,,,-9.28
10740 DAI,12/6/21,1/20/22,"$10,713.10 ","$10,745.11 ",,,-32.01
7150 DAI,12/6/21,1/20/22,"$7,132.09 ","$7,153.40 ",,,-21.31
3950 DAI,12/6/21,1/20/22,"$3,940.11 ","$3,951.88 ",,,-11.77
1495 DAI,12/6/21,1/20/22,"$1,491.26 ","$1,495.71 ",,,-4.46
1430 DAI,12/6/21,1/20/22,"$1,426.42 ","$1,430.68 ",,,-4.26
2100 DAI,12/6/21,1/20/22,"$2,094.74 ","$2,101.00 ",,,-6.26
1387.5 DAI,12/6/21,1/20/22,"$1,384.03 ","$1,388.16 ",,,-4.14
2567.5 DAI,12/6/21,1/20/22,"$2,561.07 ","$2,568.72 ",,,-7.65
200 DAI,12/6/21,1/27/22,$200.28 ,$200.10 ,,,0.19
556.037996128 DAI,12/6/21,1/27/22,$556.82 ,$556.30 ,,,0.52
2000 DAI,12/6/21,1/27/22,"$2,002.81 ","$2,000.95 ",,,1.86
1857.360583157 DAI,12/6/21,1/27/22,"$1,859.97 ","$1,858.24 ",,,1.73
4908.182381413 DAI,12/6/21,1/27/22,"$4,915.09 ","$4,910.52 ",,,4.57
1184.919736205 DAI,12/6/21,1/27/22,"$1,186.59 ","$1,185.48 ",,,1.1
1905.558881897 DAI,12/6/21,1/27/22,"$1,908.24 ","$1,906.47 ",,,1.77
4972.525276645144108885 DAI,12/6/21,1/27/22,"$4,979.52 ","$4,974.89 ",,,4.63
415.851490053855891115 DAI,12/6/21,1/27/22,$416.44 ,$416.05 ,,,0.39
3680 DAI,12/6/21,2/1/22,"$3,684.84 ","$3,681.75 ",,,3.09
4140 DAI,12/6/21,2/1/22,"$4,145.45 ","$4,141.97 ",,,3.48
475 DAI,12/6/21,2/4/22,$475.40 ,$475.23 ,,,0.17
150 DAI,12/6/21,2/4/22,$150.13 ,$150.07 ,,,0.05
350 DAI,12/6/21,2/4/22,$350.29 ,$350.17 ,,,0.13
870.625 DAI,12/6/21,2/4/22,$871.35 ,$871.04 ,,,0.31
2890 DAI,12/6/21,2/4/22,"$2,892.42 ","$2,891.38 ",,,1.04
3100 DAI,12/6/21,2/4/22,"$3,102.59 ","$3,101.48 ",,,1.12
0.012447575706792275 ETH,11/8/21,2/18/22,$35.87 ,$57.59 ,,,-21.72
0.01665731609072401 ETH,11/8/21,2/18/22,$48.00 ,$77.07 ,,,-29.07
0.41332369 RENBTC,2/18/22,2/18/22,"$16,877.91 ","$16,776.21 ",,,101.7
0.00352835165356905 ETH,11/8/21,2/18/22,$10.17 ,$16.32 ,,,-6.16
2500.71 DAI,12/6/21,2/28/22,"$2,504.62 ","$2,501.90 ",,,2.72
2500.71 DAI,12/6/21,2/28/22,"$2,504.62 ","$2,501.90 ",,,2.72
1927.103509946144108885 DAI,12/6/21,2/28/22,"$1,930.11 ","$1,928.02 ",,,2.09
573.606490053855891115 DAI,1/12/22,2/28/22,$574.50 ,$573.38 ,,,1.12
2500.71 DAI,1/12/22,2/28/22,"$2,504.62 ","$2,499.74 ",,,4.87
1979.99 DAI,1/12/22,2/28/22,"$1,983.08 ","$1,979.22 ",,,3.86
2500.71 DAI,1/12/22,2/28/22,"$2,504.62 ","$2,499.74 ",,,4.87
1500 DAI,1/12/22,3/10/22,"$1,500.21 ","$1,499.42 ",,,0.79
1500 DAI,1/12/22,3/10/22,"$1,500.21 ","$1,499.42 ",,,0.79
543.75 DAI,1/12/22,3/10/22,$543.82 ,$543.54 ,,,0.29
0.007564221188532855 ETH,11/8/21,3/17/22,$20.97 ,$35.00 ,,,-14.03
0.40912411 RENBTC,3/17/22,3/17/22,"$16,793.95 ","$16,807.82 ",,,-13.87
0.032612358995016372 ETH,11/8/21,3/17/22,$90.39 ,$150.89 ,,,-60.49
0.002229701552482608 ETH,11/8/21,3/17/22,$6.18 ,$10.32 ,,,-4.14
8041 DAI,1/12/22,3/22/22,"$8,034.48 ","$8,037.89 ",,,-3.41
860.233509946144108885 DAI,1/12/22,3/22/22,$859.54 ,$859.90 ,,,-0.37
1036.966490053855891115 DAI,1/17/22,3/22/22,"$1,036.13 ","$1,037.14 ",,,-1.02
3867.5 DAI,1/17/22,3/22/22,"$3,864.36 ","$3,868.16 ",,,-3.8
8469.4 DAI,1/17/22,3/22/22,"$8,462.53 ","$8,470.85 ",,,-8.31
3204.5 DAI,1/17/22,3/22/22,"$3,201.90 ","$3,205.05 ",,,-3.15
1498.8 DAI,1/17/22,3/22/22,"$1,497.58 ","$1,499.06 ",,,-1.47
2880 DAI,1/17/22,3/29/22,"$2,873.85 ","$2,880.49 ",,,-6.64
9817 DAI,1/17/22,3/29/22,"$9,796.03 ","$9,818.68 ",,,-22.65
3470.273509946144108885 DAI,1/17/22,3/29/22,"$3,462.86 ","$3,470.87 ",,,-8
529.726490053855891115 DAI,2/25/22,3/29/22,$528.60 ,$530.32 ,,,-1.73
1921 DAI,2/25/22,3/29/22,"$1,916.90 ","$1,923.15 ",,,-6.26
6480 DAI,2/25/22,3/29/22,"$6,466.16 ","$6,487.26 ",,,-21.1
6600 DAI,2/25/22,3/29/22,"$6,585.90 ","$6,607.40 ",,,-21.5
2059.273509946144108885 DAI,2/25/22,3/29/22,"$2,054.88 ","$2,061.58 ",,,-6.71
820.726490053855891115 DAI,3/10/22,3/29/22,$818.97 ,$820.84 ,,,-1.87
2182.438208223149910239 MINDS,8/23/21,3/31/22,"$3,403.94 ","$6,573.45 ",,,-3169.52
2463.561791776850089761 MINDS,10/27/21,3/31/22,"$3,842.40 ","$4,911.68 ",,,-1069.28
0.023023129451419953 ETH,11/8/21,3/31/22,$77.91 ,$106.52 ,,,-28.61
0.00411713329919925 ETH,11/8/21,3/31/22,$13.93 ,$19.05 ,,,-5.12
0.0749068073 ETH,11/8/21,4/11/22,$241.14 ,$346.57 ,,,-105.43
0.0115580096 ETH,11/8/21,4/11/22,$37.21 ,$53.47 ,,,-16.27
0.0121574667 ETH,11/8/21,4/11/22,$39.14 ,$56.25 ,,,-17.11
0.002861006611 ETH,11/8/21,4/11/22,$9.21 ,$13.24 ,,,-4.03
0.004251333088 ETH,11/8/21,4/11/22,$13.69 ,$19.67 ,,,-5.98
0.009961232995 ETH,11/8/21,4/11/22,$32.07 ,$46.09 ,,,-14.02
0.007784818894 ETH,11/8/21,4/11/22,$25.06 ,$36.02 ,,,-10.96
0.009973533271 ETH,11/8/21,4/11/22,$32.11 ,$46.14 ,,,-14.04
0.007736588442 ETH,11/8/21,4/11/22,$24.91 ,$35.79 ,,,-10.89
0.006842957849 ETH,11/8/21,4/11/22,$22.03 ,$31.66 ,,,-9.63
0.006857909512 ETH,11/8/21,4/11/22,$22.08 ,$31.73 ,,,-9.65
1.49717729 ROBOT,1/11/22,4/11/22,$57.64 ,$99.07 ,,,-41.42
1.47980864 ROBOT,1/11/22,4/11/22,$56.98 ,$97.92 ,,,-40.94
2.37419024 ROBOT,1/11/22,4/11/22,$91.41 ,$157.10 ,,,-65.69
1.16746537 ROBOT,1/11/22,4/11/22,$44.95 ,$77.25 ,,,-32.3
2.34129027 ROBOT,1/11/22,4/11/22,$90.14 ,$154.92 ,,,-64.78
3.46704838 ROBOT,1/11/22,4/11/22,$133.49 ,$229.41 ,,,-95.93
1.36370201 ROBOT,1/11/22,4/11/22,$52.51 ,$90.24 ,,,-37.73
3.88046439 ROBOT,1/11/22,4/11/22,$149.41 ,$256.77 ,,,-107.36
0.8541904126 ROBOT,1/11/22,4/11/22,$32.89 ,$56.52 ,,,-23.63
0.9210362481 ROBOT,1/11/22,4/11/22,$35.46 ,$60.94 ,,,-25.48
0.8407872156 ROBOT,1/11/22,4/11/22,$32.37 ,$55.63 ,,,-23.26
0.7600810624 ROBOT,1/11/22,4/11/22,$29.26 ,$50.29 ,,,-21.03
0.9310661619 ROBOT,1/11/22,4/11/22,$35.85 ,$61.61 ,,,-25.76
0.9941991308 ROBOT,1/11/22,4/11/22,$38.28 ,$65.79 ,,,-27.51
0.0079742 ETH,11/8/21,4/11/22,$25.67 ,$36.89 ,,,-11.22
0.052944615 ETH,11/8/21,4/11/22,$170.44 ,$244.96 ,,,-74.52
0.015309095 ETH,11/8/21,4/11/22,$49.28 ,$70.83 ,,,-21.55
0.006887565 ETH,11/8/21,4/11/22,$22.17 ,$31.87 ,,,-9.69
0.007557706 ETH,11/8/21,4/11/22,$24.33 ,$34.97 ,,,-10.64
0.023116523 ETH,11/8/21,4/11/22,$74.42 ,$106.95 ,,,-32.54
0.008620095 ETH,11/8/21,4/11/22,$27.75 ,$39.88 ,,,-12.13
0.016643232 ETH,11/8/21,4/11/22,$53.58 ,$77.00 ,,,-23.42
0.040020393613089058 ETH,11/8/21,4/11/22,$128.83 ,$185.16 ,,,-56.33
0.178879938407864546 ETH,12/31/21,4/11/22,$575.84 ,$664.53 ,,,-88.69
0.351172873979046396 ETH,2/18/22,4/11/22,"$1,130.48 ","$1,011.94 ",,,118.54
0.02649313074 ETH,2/18/22,4/11/22,$85.29 ,$76.34 ,,,8.94
0.04294770252 ETH,2/18/22,4/11/22,$138.26 ,$123.76 ,,,14.5
0.01796709553 ETH,2/18/22,4/11/22,$57.84 ,$51.77 ,,,6.06
0.01061473556 ETH,2/18/22,4/11/22,$34.17 ,$30.59 ,,,3.58
0.00866136007 ETH,2/18/22,4/11/22,$27.88 ,$24.96 ,,,2.92
0.02401109778 ETH,2/18/22,4/11/22,$77.30 ,$69.19 ,,,8.1
0.018132003820953604 ETH,2/18/22,4/11/22,$58.37 ,$52.25 ,,,6.12
0.028654727819046396 ETH,4/9/22,4/11/22,$92.24 ,$92.03 ,,,0.21
0.03804681512 ETH,4/9/22,4/11/22,$122.48 ,$122.20 ,,,0.28
0.00461898281 ETH,4/9/22,4/11/22,$14.87 ,$14.84 ,,,0.03
0.01002243173 ETH,4/9/22,4/11/22,$32.26 ,$32.19 ,,,0.07
0.00618516387 ETH,4/9/22,4/11/22,$19.91 ,$19.87 ,,,0.05
0.02444906786 ETH,4/9/22,4/11/22,$78.71 ,$78.52 ,,,0.18
0.02609087205 ETH,4/9/22,4/11/22,$83.99 ,$83.80 ,,,0.19
0.01707170173 ETH,4/9/22,4/11/22,$54.96 ,$54.83 ,,,0.13
0.02731991763 ETH,4/9/22,4/11/22,$87.95 ,$87.74 ,,,0.2
0.02011257689 ETH,4/9/22,4/11/22,$64.75 ,$64.60 ,,,0.15
0.01248772754 ETH,4/9/22,4/11/22,$40.20 ,$40.11 ,,,0.09
0.00649944754 ETH,4/9/22,4/11/22,$20.92 ,$20.87 ,,,0.05
0.03167404594 ETH,4/9/22,4/11/22,$101.96 ,$101.73 ,,,0.23
0.01857975426 ETH,4/9/22,4/11/22,$59.81 ,$59.67 ,,,0.14
0.03610563816 ETH,4/9/22,4/11/22,$116.23 ,$115.96 ,,,0.27
0.01101113834 ETH,4/9/22,4/11/22,$35.45 ,$35.37 ,,,0.08
0.01782964633 ETH,4/9/22,4/11/22,$57.40 ,$57.26 ,,,0.13
0.02567577119 ETH,4/9/22,4/11/22,$82.65 ,$82.46 ,,,0.19
0.03019128442 ETH,4/9/22,4/11/22,$97.19 ,$96.97 ,,,0.22
0.01494153116 ETH,4/9/22,4/11/22,$48.10 ,$47.99 ,,,0.11
1.414435092 ROBOT,1/11/22,4/11/22,$54.46 ,$93.59 ,,,-39.13
1.979557995 ROBOT,1/11/22,4/11/22,$76.22 ,$130.99 ,,,-54.77
1.007684148 ROBOT,1/11/22,4/11/22,$38.80 ,$66.68 ,,,-27.88
1.916539127 ROBOT,1/11/22,4/11/22,$73.79 ,$126.82 ,,,-53.03
1.623311606 ROBOT,1/11/22,4/11/22,$62.50 ,$107.41 ,,,-44.91
1.895385513 ROBOT,1/11/22,4/11/22,$72.98 ,$125.42 ,,,-52.44
1.174139511 ROBOT,1/11/22,4/11/22,$45.21 ,$77.69 ,,,-32.49
1.818627819 ROBOT,1/11/22,4/11/22,$70.02 ,$120.34 ,,,-50.32
1.309899984 ROBOT,1/11/22,4/11/22,$50.43 ,$86.68 ,,,-36.24
1.296358103 ROBOT,1/11/22,4/11/22,$49.91 ,$85.78 ,,,-35.87
2.124493256 ROBOT,1/11/22,4/11/22,$81.80 ,$140.58 ,,,-58.78
1.495527292 ROBOT,1/11/22,4/11/22,$57.58 ,$98.96 ,,,-41.38
2.651697894 ROBOT,1/11/22,4/11/22,$102.10 ,$175.46 ,,,-73.37
1.548313296 ROBOT,1/11/22,4/11/22,$59.61 ,$102.45 ,,,-42.84
1.161375735 ROBOT,1/11/22,4/11/22,$44.72 ,$76.85 ,,,-32.13
2.031422401 ROBOT,1/11/22,4/11/22,$78.21 ,$134.42 ,,,-56.2
1.608274283 ROBOT,1/11/22,4/11/22,$61.92 ,$106.42 ,,,-44.5
3.265798329 ROBOT,1/11/22,4/11/22,$125.74 ,$216.10 ,,,-90.36
3.697274817 ROBOT,1/11/22,4/11/22,$142.35 ,$244.65 ,,,-102.29
1.266004356 ROBOT,1/11/22,4/11/22,$48.74 ,$83.77 ,,,-35.03
1.875442351 ROBOT,1/11/22,4/11/22,$72.21 ,$124.10 ,,,-51.89
1.952984822 ROBOT,1/11/22,4/11/22,$75.19 ,$129.23 ,,,-54.03
1.158219893 ROBOT,1/11/22,4/11/22,$44.59 ,$76.64 ,,,-32.05
1.883456139 ROBOT,1/11/22,4/11/22,$72.52 ,$124.63 ,,,-52.11
1.385955244 ROBOT,1/11/22,4/11/22,$53.36 ,$91.71 ,,,-38.35
1.922665029 ROBOT,1/11/22,4/11/22,$74.03 ,$127.22 ,,,-53.2
1.829129409 ROBOT,1/11/22,4/11/22,$70.43 ,$121.03 ,,,-50.61
2.241249991 ROBOT,1/11/22,4/11/22,$86.29 ,$148.30 ,,,-62.01
1.965204115 ROBOT,1/11/22,4/11/22,$75.66 ,$130.04 ,,,-54.37
1.579146255 ROBOT,1/11/22,4/11/22,$60.80 ,$104.49 ,,,-43.69
1.032124341 ROBOT,1/11/22,4/11/22,$39.74 ,$68.30 ,,,-28.56
4.317146381 ROBOT,1/11/22,4/11/22,$166.22 ,$285.66 ,,,-119.45
2.087626983 ROBOT,1/11/22,4/11/22,$80.38 ,$138.14 ,,,-57.76
1.383085353 ROBOT,1/11/22,4/11/22,$53.25 ,$91.52 ,,,-38.27
3.003219127 ROBOT,1/11/22,4/11/22,$115.63 ,$198.72 ,,,-83.09
1.268965003 ROBOT,1/11/22,4/11/22,$48.86 ,$83.97 ,,,-35.11
1.574135871 ROBOT,1/11/22,4/11/22,$60.61 ,$104.16 ,,,-43.55
2.271164679 ROBOT,1/11/22,4/11/22,$87.44 ,$150.28 ,,,-62.84
0.770376083 ROBOT,1/11/22,4/11/22,$29.66 ,$50.98 ,,,-21.31
1.828800647 ROBOT,1/11/22,4/11/22,$70.41 ,$121.01 ,,,-50.6
2.299198992 ROBOT,1/11/22,4/11/22,$88.52 ,$152.14 ,,,-63.61
2.782055081 ROBOT,1/11/22,4/11/22,$107.11 ,$184.09 ,,,-76.97
1.629483331 ROBOT,1/11/22,4/11/22,$62.74 ,$107.82 ,,,-45.08
6000 DAI,3/10/22,4/12/22,"$6,002.13 ","$6,000.82 ",,,1.3
2344 DAI,3/10/22,4/12/22,"$2,344.83 ","$2,344.32 ",,,0.51
8200 DAI,3/10/22,4/12/22,"$8,202.90 ","$8,201.13 ",,,1.78
7680 DAI,3/10/22,4/12/22,"$7,682.72 ","$7,681.06 ",,,1.66
4000 DAI,3/10/22,4/12/22,"$4,001.42 ","$4,000.55 ",,,0.87
855.273509946144108885 DAI,3/10/22,4/12/22,$855.58 ,$855.39 ,,,0.19
5672.726490053855891115 DAI,3/19/22,4/12/22,"$5,674.74 ","$5,673.36 ",,,1.38
7440 DAI,3/19/22,4/12/22,"$7,442.64 ","$7,440.83 ",,,1.8
0.004204999031206845 ETH,4/9/22,4/18/22,$12.60 ,$13.51 ,,,-0.91
0.007576226465025379 ETH,4/9/22,4/18/22,$22.70 ,$24.33 ,,,-1.64
600 DAI,3/19/22,4/19/22,$600.67 ,$600.07 ,,,0.61
400 DAI,3/19/22,4/19/22,$400.45 ,$400.04 ,,,0.4
637.5 DAI,3/19/22,4/19/22,$638.21 ,$637.57 ,,,0.64
1400 DAI,3/19/22,4/19/22,"$1,401.57 ","$1,400.16 ",,,1.41
12917 DAI,3/19/22,4/22/22,"$12,909.49 ","$12,918.44 ",,,-8.96
908.773509946144108885 DAI,3/19/22,4/22/22,$908.25 ,$908.88 ,,,-0.63
9600 DAI,3/21/22,4/22/22,"$9,594.42 ","$9,593.47 ",,,0.95
22576.226490053855891115 DAI,3/29/22,4/22/22,"$22,563.10 ","$22,528.00 ",,,35.09
8271 DAI,3/29/22,4/22/22,"$8,266.19 ","$8,253.33 ",,,12.86
10440 DAI,3/29/22,4/26/22,"$10,426.53 ","$10,417.70 ",,,8.83
2880 DAI,3/29/22,4/26/22,"$2,876.28 ","$2,873.85 ",,,2.44
4932.773509946144108885 DAI,3/29/22,4/26/22,"$4,926.41 ","$4,922.24 ",,,4.17
2747.226490053855891115 DAI,4/16/22,4/26/22,"$2,743.68 ","$2,747.95 ",,,-4.27
9240 DAI,4/16/22,4/26/22,"$9,228.08 ","$9,242.44 ",,,-14.36
8040 DAI,4/16/22,4/26/22,"$8,029.63 ","$8,042.12 ",,,-12.49
8260 DAI,4/16/22,4/26/22,"$8,249.34 ","$8,262.18 ",,,-12.83
0.39 ETH,4/9/22,5/4/22,"$1,086.56 ","$1,252.58 ",,,-166.03
6849.75 DAI,4/16/22,5/10/22,"$6,849.82 ","$6,851.56 ",,,-1.73
8520 DAI,4/16/22,5/10/22,"$8,520.09 ","$8,522.25 ",,,-2.16
5466.919102567868171950 DAI,4/16/22,5/10/22,"$5,466.98 ","$5,468.36 ",,,-1.38
533.080897432131828050 DAI,4/18/22,5/10/22,$533.09 ,$533.77 ,,,-0.68
3685.669102567868171950 DAI,4/18/22,5/10/22,"$3,685.71 ","$3,690.40 ",,,-4.7
3994.330897432131828050 DAI,5/5/22,5/10/22,"$3,994.37 ","$3,994.64 ",,,-0.27
3958.5 DAI,5/5/22,5/10/22,"$3,958.54 ","$3,958.81 ",,,-0.27
10600.25 DAI,5/5/22,5/10/22,"$10,600.36 ","$10,601.08 ",,,-0.72
3880.863208223149910239 MINDS,10/27/21,5/13/22,"$2,141.46 ","$7,737.40 ",,,-5595.94
1356 MINDS,11/19/21,5/13/22,$748.24 ,"$2,122.36 ",,,-1374.12
1550 MINDS,11/19/21,5/13/22,$855.29 ,"$2,426.00 ",,,-1570.71
5225.438 MINDS,12/25/21,5/13/22,"$2,883.40 ","$14,020.99 ",,,-11137.59
14554.590000000000000000 MINDS,12/30/21,5/13/22,"$8,031.23 ","$35,862.13 ",,,-27830.9
0.014576990182081536 ETH,4/9/22,5/13/22,$28.67 ,$46.82 ,,,-18.15
0.003380836446212775 ETH,4/9/22,5/13/22,$6.65 ,$10.86 ,,,-4.21
300 DAI,5/5/22,5/16/22,$299.91 ,$300.02 ,,,-0.12
37.5 DAI,5/5/22,5/16/22,$37.49 ,$37.50 ,,,-0.01
0.003678529335767857 ETH,4/9/22,5/17/22,$7.45 ,$11.81 ,,,-4.36
0.01024890500258898 ETH,4/9/22,5/17/22,$20.76 ,$32.92 ,,,-12.15
0.56600344 RENBTC,5/17/22,5/17/22,"$17,254.99 ","$16,935.42 ",,,319.57
0.000959405969877849 ETH,4/9/22,5/17/22,$1.94 ,$3.08 ,,,-1.14
3485.322800150000148278 DAI,5/5/22,5/26/22,"$3,487.85 ","$3,485.60 ",,,2.26
6480 DAI,5/5/22,6/1/22,"$6,483.70 ","$6,480.51 ",,,3.19
4200 DAI,5/5/22,6/1/22,"$4,202.40 ","$4,200.33 ",,,2.07
8256 DAI,5/5/22,6/1/22,"$8,260.71 ","$8,256.65 ",,,4.07
6680 DAI,5/5/22,6/1/22,"$6,683.81 ","$6,680.52 ",,,3.29
583.096302417868023672 DAI,5/5/22,6/1/22,$583.43 ,$583.14 ,,,0.29
8081.403697582131976328 DAI,5/23/22,6/1/22,"$8,086.02 ","$8,089.62 ",,,-3.6
2016.5 DAI,5/23/22,6/1/22,"$2,017.65 ","$2,018.55 ",,,-0.9
0.0203517 ETH,4/9/22,6/6/22,$36.65 ,$65.36 ,,,-28.71
0.002121544250671104 ETH,4/9/22,6/6/22,$3.82 ,$6.81 ,,,-2.99
300 DAI,5/23/22,6/17/22,$301.23 ,$300.30 ,,,0.93
300 DAI,5/23/22,6/17/22,$301.23 ,$300.30 ,,,0.93
75 DAI,5/23/22,6/17/22,$75.31 ,$75.08 ,,,0.23
5574.5 USDC,6/2/22,6/23/22,"$5,575.20 ","$5,574.50 ",,,0.7
4406.5 USDC,6/2/22,6/23/22,"$4,407.05 ","$4,406.50 ",,,0.55
2349.5 USDC,6/2/22,6/23/22,"$2,349.79 ","$2,349.50 ",,,0.29
6268.5 USDC,6/2/22,6/23/22,"$6,269.29 ","$6,268.50 ",,,0.79
0.003329862233264306 ETH,4/9/22,6/25/22,$3.99 ,$10.69 ,,,-6.7
0.01188231612 ETH,4/9/22,6/25/22,$14.61 ,$38.16 ,,,-23.56
0.79855471 RENBTC,6/25/22,6/25/22,"$17,103.57 ","$17,022.33 ",,,81.25
0.000763062719919432 ETH,4/9/22,6/25/22,$0.94 ,$2.45 ,,,-1.51
0.002609615130332234 ETH,4/9/22,6/27/22,$3.11 ,$8.38 ,,,-5.27
0.01152762369216909 ETH,4/9/22,6/27/22,$13.85 ,$37.02 ,,,-23.18
0.020000000000000000 MINDS,12/30/21,6/27/22,$0.00 ,$0.05 ,,,-0.05
5233.122000000000000000 MINDS,6/6/22,6/27/22,"$1,108.23 ","$1,886.31 ",,,-778.07
0.002682366554626443 ETH,4/9/22,6/27/22,$3.22 ,$8.62 ,,,-5.39
6052.199798 USDC,6/5/22,6/27/22,"$6,052.20 ","$6,058.19 ",,,-5.99
11100.814374 USDC,6/5/22,6/27/22,"$11,100.81 ","$11,111.81 ",,,-10.99
0.057610000000000001 ETH,4/9/22,7/11/22,$67.35 ,$185.03 ,,,-117.68
0.031289999999999998 ETH,4/9/22,7/11/22,$36.58 ,$100.50 ,,,-63.92
0.073150000000000007 ETH,4/9/22,7/11/22,$85.51 ,$234.94 ,,,-149.43
0.010489999999999999 ETH,4/9/22,7/11/22,$12.26 ,$33.69 ,,,-21.43
0.022630000000000001 ETH,4/9/22,7/11/22,$26.45 ,$72.68 ,,,-46.23
0.063219999999999998 ETH,4/9/22,7/11/22,$73.91 ,$203.05 ,,,-129.14
0.036209999999999999 ETH,4/9/22,7/11/22,$42.33 ,$116.30 ,,,-73.97
0.012500000000000001 ETH,4/9/22,7/11/22,$14.61 ,$40.15 ,,,-25.53
0.132340000000000013 ETH,4/9/22,7/11/22,$154.71 ,$425.04 ,,,-270.34
0.026509999999999999 ETH,4/9/22,7/11/22,$30.99 ,$85.14 ,,,-54.15
0.015440000000000001 ETH,4/9/22,7/11/22,$18.05 ,$49.59 ,,,-31.54
0.0161 ETH,4/9/22,7/11/22,$18.82 ,$51.71 ,,,-32.89
0.0092 ETH,4/9/22,7/11/22,$10.75 ,$29.55 ,,,-18.79
0.00327 ETH,4/9/22,7/11/22,$3.82 ,$10.50 ,,,-6.68
0.00919 ETH,4/9/22,7/11/22,$10.74 ,$29.52 ,,,-18.77
0.01221 ETH,4/9/22,7/11/22,$14.27 ,$39.22 ,,,-24.94
0.00505 ETH,4/9/22,7/11/22,$5.90 ,$16.22 ,,,-10.32
0.00623 ETH,4/9/22,7/11/22,$7.28 ,$20.01 ,,,-12.73
0.00449 ETH,4/9/22,7/11/22,$5.25 ,$14.42 ,,,-9.17
0.00706 ETH,4/9/22,7/11/22,$8.25 ,$22.68 ,,,-14.42
0.004002477701178598 ETH,4/9/22,7/17/22,$5.42 ,$12.86 ,,,-7.43
0.80800849 RENBTC,7/17/22,7/17/22,"$17,209.05 ","$17,179.84 ",,,29.2
0.019327274673564548 ETH,4/9/22,7/17/22,$26.19 ,$62.07 ,,,-35.89
0.001292302336923765 ETH,4/9/22,7/17/22,$1.75 ,$4.15 ,,,-2.4
805.262282 USDC,7/11/22,8/4/22,$805.26 ,$806.00 ,,,-0.74
8166.155851 USDC,7/18/22,8/4/22,"$8,166.16 ","$8,168.73 ",,,-2.57
8713.142572 USDC,7/18/22,8/4/22,"$8,713.14 ","$8,715.89 ",,,-2.75
0.001265111266554572 ETH,4/9/22,8/25/22,$2.15 ,$4.06 ,,,-1.91
0.78889872 RENBTC,8/25/22,8/25/22,"$17,162.75 ","$16,963.46 ",,,199.28
0.004342495177256616 ETH,4/9/22,8/25/22,$7.20 ,$13.95 ,,,-6.75
0.000314000217339489 ETH,4/9/22,8/25/22,$0.52 ,$1.01 ,,,-0.49
0.83685664 RENBTC,9/27/22,9/27/22,"$16,328.46 ","$16,120.27 ",,,208.19
0.036155324376112238 ETH,4/9/22,9/27/22,$48.27 ,$116.12 ,,,-67.85
0.002225357466105516 ETH,4/9/22,9/27/22,$2.97 ,$7.15 ,,,-4.18
60 USDC,9/5/22,9/28/22,$60.01 ,$60.00 ,,,0.01
480 USDC,9/5/22,9/28/22,$480.10 ,$480.00 ,,,0.1
6933.34 DAI,5/23/22,10/12/22,"$6,940.41 ","$6,940.39 ",,,0.02
1733.33 DAI,5/23/22,10/12/22,"$1,735.10 ","$1,735.09 ",,,0.01
6933.34 DAI,5/23/22,10/12/22,"$6,940.41 ","$6,940.39 ",,,0.02
8666.66 DAI,5/23/22,10/12/22,"$8,675.50 ","$8,675.47 ",,,0.03
3500 USDC,9/6/22,10/13/22,"$3,500.47 ","$3,500.00 ",,,0.47
1875 USDC,9/6/22,10/13/22,"$1,875.25 ","$1,875.00 ",,,0.25
15000 USDC,9/6/22,10/13/22,"$15,002.01 ","$15,000.00 ",,,2.01
14065.898989 USDC,9/6/22,10/13/22,"$14,067.78 ","$14,065.90 ",,,1.88
200 USDC,9/13/22,10/13/22,$200.03 ,$200.00 ,,,0.03
297.431011 USDC,9/21/22,10/13/22,$297.47 ,$297.43 ,,,0.04
5650.568989 USDC,9/21/22,10/13/22,"$5,651.32 ","$5,650.57 ",,,0.76
8330 USDC,9/22/22,10/13/22,"$8,331.11 ","$8,330.00 ",,,1.11
602.761011 USDC,9/27/22,10/13/22,$602.84 ,$602.76 ,,,0.08
1562.5 USDC,9/27/22,10/13/22,"$1,562.71 ","$1,562.50 ",,,0.21
12500 USDC,9/27/22,10/13/22,"$12,501.67 ","$12,500.00 ",,,1.67
1663.202164 USDC,9/27/22,10/13/22,"$1,663.42 ","$1,663.20 ",,,0.22
3855 USDC,9/28/22,10/13/22,"$3,855.52 ","$3,855.00 ",,,0.52
6981.797836 USDC,10/4/22,10/13/22,"$6,982.73 ","$6,981.80 ",,,0.93
12500 USDC,10/4/22,10/13/22,"$12,501.67 ","$12,500.00 ",,,1.67
12500 USDC,10/4/22,10/13/22,"$12,501.67 ","$12,500.00 ",,,1.67
3645.83 USDC,10/4/22,10/13/22,"$3,646.32 ","$3,645.83 ",,,0.49
0.0015 ETH,4/9/22,10/16/22,$1.91 ,$4.82 ,,,-2.9
0.0078 ETH,4/9/22,10/16/22,$9.95 ,$25.05 ,,,-15.1
0.0052 ETH,4/9/22,10/16/22,$6.63 ,$16.70 ,,,-10.07
0.0024 ETH,4/9/22,10/16/22,$3.06 ,$7.71 ,,,-4.65
0.0035 ETH,4/9/22,10/16/22,$4.46 ,$11.24 ,,,-6.78
0.0013 ETH,4/9/22,10/16/22,$1.66 ,$4.18 ,,,-2.52
0.0043 ETH,4/9/22,10/16/22,$5.49 ,$13.81 ,,,-8.33
0.0027 ETH,4/9/22,10/16/22,$3.44 ,$8.67 ,,,-5.23
0.0035 ETH,4/9/22,10/16/22,$4.46 ,$11.24 ,,,-6.78
0.004004952742861877 ETH,4/9/22,10/16/22,$5.11 ,$12.86 ,,,-7.75
0.003395047257138123 ETH,5/2/22,10/16/22,$4.33 ,$9.62 ,,,-5.29
0.0015 ETH,5/2/22,10/16/22,$1.91 ,$4.25 ,,,-2.34
0.0014 ETH,5/2/22,10/16/22,$1.79 ,$3.97 ,,,-2.18
0.0009 ETH,5/2/22,10/16/22,$1.15 ,$2.55 ,,,-1.4
0.0017 ETH,5/2/22,10/16/22,$2.17 ,$4.82 ,,,-2.65
0.0014 ETH,5/2/22,10/16/22,$1.79 ,$3.97 ,,,-2.18
0.0014 ETH,5/2/22,10/16/22,$1.79 ,$3.97 ,,,-2.18
0.0036 ETH,5/2/22,10/16/22,$4.59 ,$10.20 ,,,-5.6
0.0015 ETH,5/2/22,10/16/22,$1.91 ,$4.25 ,,,-2.34
0.0132 ETH,5/2/22,10/16/22,$16.84 ,$37.39 ,,,-20.55
0.0024 ETH,5/2/22,10/16/22,$3.06 ,$6.80 ,,,-3.74
0.0066 ETH,5/2/22,10/16/22,$8.42 ,$18.69 ,,,-10.28
0.0026 ETH,5/2/22,10/16/22,$3.32 ,$7.36 ,,,-4.05
0.0013 ETH,5/2/22,10/16/22,$1.66 ,$3.68 ,,,-2.02
0.0025 ETH,5/2/22,10/16/22,$3.19 ,$7.08 ,,,-3.89
0.0202 ETH,5/2/22,10/16/22,$25.77 ,$57.22 ,,,-31.45
0.0025 ETH,5/2/22,10/16/22,$3.19 ,$7.08 ,,,-3.89
0.0062 ETH,5/2/22,10/16/22,$7.91 ,$17.56 ,,,-9.65
0.0022 ETH,5/2/22,10/16/22,$2.81 ,$6.23 ,,,-3.43
0.0063 ETH,5/2/22,10/16/22,$8.04 ,$17.84 ,,,-9.81
0.0038 ETH,5/2/22,10/16/22,$4.85 ,$10.76 ,,,-5.92
0.0053 ETH,5/2/22,10/16/22,$6.76 ,$15.01 ,,,-8.25
362.0327 USDC,10/4/22,10/16/22,$362.08 ,$362.03 ,,,0.05
70 USDC,10/4/22,10/16/22,$70.01 ,$70.00 ,,,0.01
1222 USDC,10/4/22,10/16/22,"$1,222.16 ","$1,222.00 ",,,0.16
1500 USDC,10/4/22,10/16/22,"$1,500.19 ","$1,500.00 ",,,0.19
1730 USDC,10/4/22,10/16/22,"$1,730.22 ","$1,730.00 ",,,0.22
2960 USDC,10/4/22,10/16/22,"$2,960.38 ","$2,960.00 ",,,0.38
1500 USDC,10/4/22,10/16/22,"$1,500.19 ","$1,500.00 ",,,0.19
564.54 USDC,10/4/22,10/16/22,$564.61 ,$564.54 ,,,0.07
2962.5 USDC,10/4/22,10/16/22,"$2,962.88 ","$2,962.50 ",,,0.38
0.003 ETH,5/2/22,10/16/22,$3.83 ,$8.50 ,,,-4.67
0.002 ETH,5/2/22,10/16/22,$2.55 ,$5.67 ,,,-3.11
0.002 ETH,5/2/22,10/16/22,$2.55 ,$5.67 ,,,-3.11
300 USDC,10/4/22,10/16/22,$300.04 ,$300.00 ,,,0.04
600 USDC,10/4/22,10/16/22,$600.08 ,$600.00 ,,,0.08
400 USDC,10/4/22,10/16/22,$400.05 ,$400.00 ,,,0.05
350 USDC,10/4/22,10/16/22,$350.05 ,$350.00 ,,,0.05
240 USDC,10/4/22,10/16/22,$240.03 ,$240.00 ,,,0.03
160 USDC,10/4/22,10/16/22,$160.02 ,$160.00 ,,,0.02
400 USDC,10/4/22,10/16/22,$400.05 ,$400.00 ,,,0.05
160 USDC,10/4/22,10/16/22,$160.02 ,$160.00 ,,,0.02
965 USDC,10/4/22,10/16/22,$965.12 ,$965.00 ,,,0.12
360 USDC,10/4/22,10/16/22,$360.05 ,$360.00 ,,,0.05
448.268 USDC,10/4/22,10/16/22,$448.33 ,$448.27 ,,,0.06
1706.551464 USDC,10/4/22,10/21/22,"$1,706.84 ","$1,706.55 ",,,0.29
293.448536 USDC,10/9/22,10/21/22,$293.50 ,$293.45 ,,,0.05
576 USDC,10/9/22,10/21/22,$576.10 ,$576.00 ,,,0.1
7568.051464 USDC,10/9/22,10/21/22,"$7,569.33 ","$7,568.05 ",,,1.27
3951.948536 USDC,10/9/22,10/21/22,"$3,952.61 ","$3,951.95 ",,,0.67
14081.6 USDC,10/9/22,10/21/22,"$14,083.97 ","$14,081.60 ",,,2.37
880 DAI,5/23/22,11/1/22,$880.14 ,$880.89 ,,,-0.75
2100 DAI,5/23/22,11/1/22,"$2,100.34 ","$2,102.13 ",,,-1.79
1480.426302417868023672 DAI,5/23/22,11/1/22,"$1,480.67 ","$1,481.93 ",,,-1.26
4919.573697582131976328 DAI,6/5/22,11/1/22,"$4,920.37 ","$4,925.36 ",,,-4.99
3120 DAI,6/5/22,11/1/22,"$3,120.51 ","$3,123.67 ",,,-3.16
1600 DAI,6/5/22,11/1/22,"$1,600.26 ","$1,601.88 ",,,-1.62
1080 DAI,6/5/22,11/1/22,"$1,080.18 ","$1,081.27 ",,,-1.09
272.906653 USDC,10/9/22,11/1/22,$272.83 ,$272.91 ,,,-0.07
106.604081 USDC,10/9/22,11/1/22,$106.58 ,$106.60 ,,,-0.03
34.277846 USDC,10/9/22,11/1/22,$34.27 ,$34.28 ,,,-0.01
540.8325 USDC,10/9/22,11/1/22,$540.69 ,$540.83 ,,,-0.15
1548 USDC,10/9/22,11/1/22,"$1,547.58 ","$1,548.00 ",,,-0.42
1161 USDC,10/9/22,11/1/22,"$1,160.69 ","$1,161.00 ",,,-0.31
3715.2 USDC,10/9/22,11/1/22,"$3,714.20 ","$3,715.20 ",,,-1
9365.4 USDC,10/9/22,11/1/22,"$9,362.89 ","$9,365.40 ",,,-2.51
2863.8 USDC,10/9/22,11/1/22,"$2,863.03 ","$2,863.80 ",,,-0.77
2167.2 USDC,10/9/22,11/1/22,"$2,166.62 ","$2,167.20 ",,,-0.58
123 USDC,10/9/22,11/1/22,$122.97 ,$123.00 ,,,-0.03
2976.03 USDC,10/9/22,11/1/22,"$2,975.23 ","$2,976.03 ",,,-0.8
10726.71 USDC,10/9/22,11/3/22,"$10,759.12 ","$10,726.71 ",,,32.41
2750 USDC,10/9/22,11/3/22,"$2,758.31 ","$2,750.00 ",,,8.31
993.79 USDC,10/9/22,11/3/22,$996.79 ,$993.79 ,,,3
10279.5 USDC,10/9/22,11/3/22,"$10,310.56 ","$10,279.50 ",,,31.06
2000 USDC,10/9/22,11/4/22,"$2,000.65 ","$2,000.00 ",,,0.65
576 USDC,10/9/22,11/4/22,$576.19 ,$576.00 ,,,0.19
11520 USDC,10/9/22,11/4/22,"$11,523.73 ","$11,520.00 ",,,3.73
2605.301965 USDC,10/9/22,11/4/22,"$2,606.15 ","$2,605.30 ",,,0.84
11476.298035 USDC,10/11/22,11/4/22,"$11,480.01 ","$11,476.30 ",,,3.72
6933.34 USDC,10/11/22,11/7/22,"$6,933.68 ","$6,933.34 ",,,0.34
340.361965 USDC,10/11/22,11/7/22,$340.38 ,$340.36 ,,,0.02
220 USDC,10/16/22,11/7/22,$220.01 ,$220.03 ,,,-0.02
1150.968035 USDC,10/18/22,11/7/22,"$1,151.02 ","$1,150.62 ",,,0.41
8666.66 USDC,10/18/22,11/7/22,"$8,667.08 ","$8,664.02 ",,,3.07
6933.34 USDC,10/18/22,11/7/22,"$6,933.68 ","$6,931.23 ",,,2.45
13535.34 USDC,10/18/22,11/8/22,"$13,550.92 ","$13,531.21 ",,,19.71
1562.5 USDC,10/18/22,11/8/22,"$1,564.30 ","$1,562.02 ",,,2.28
13564.663 USDC,10/18/22,11/8/22,"$13,580.28 ","$13,560.53 ",,,19.75
3642.528965 USDC,10/18/22,11/8/22,"$3,646.72 ","$3,641.42 ",,,5.3
10940.804035 USDC,10/24/22,11/8/22,"$10,953.40 ","$10,955.71 ",,,-2.31
6559.195965 USDC,10/24/22,11/8/22,"$6,566.75 ","$6,568.13 ",,,-1.39
8024.137035 USDC,11/3/22,11/8/22,"$8,033.37 ","$8,048.38 ",,,-15.01
400 USDC,11/3/22,11/8/22,$400.46 ,$401.21 ,,,-0.75
263.362965 USDC,11/3/22,11/8/22,$263.67 ,$264.16 ,,,-0.49
2500 USDC,11/3/22,11/8/22,"$2,502.88 ","$2,507.55 ",,,-4.68
11160.137035 USDC,11/3/22,11/8/22,"$11,172.98 ","$11,193.86 ",,,-20.87
13976.5 USDC,11/3/22,11/8/22,"$13,992.59 ","$14,018.73 ",,,-26.14
3645.83 USDC,11/3/22,11/8/22,"$3,650.03 ","$3,656.85 ",,,-6.82
2500 USDC,11/3/22,11/13/22,"$2,499.98 ","$2,507.55 ",,,-7.57
40 USDC,11/3/22,11/16/22,$40.05 ,$40.12 ,,,-0.07
67.25 USDC,11/3/22,11/16/22,$67.34 ,$67.45 ,,,-0.11
2120 USDC,11/3/22,11/16/22,"$2,122.87 ","$2,126.41 ",,,-3.53
2200 USDC,11/3/22,11/16/22,"$2,202.98 ","$2,206.65 ",,,-3.67
110 USDC,11/3/22,11/16/22,$110.15 ,$110.33 ,,,-0.18
400 USDC,11/3/22,11/16/22,$400.54 ,$401.21 ,,,-0.67
320 USDC,11/3/22,11/16/22,$320.43 ,$320.97 ,,,-0.53
84 USDC,11/3/22,11/16/22,$84.11 ,$84.25 ,,,-0.14
50 USDC,11/3/22,11/16/22,$50.07 ,$50.15 ,,,-0.08
640 USDC,11/3/22,11/16/22,$640.87 ,$641.93 ,,,-1.07
1326 USDC,11/3/22,11/16/22,"$1,327.80 ","$1,330.01 ",,,-2.21
420 USDC,11/3/22,11/16/22,$420.57 ,$421.27 ,,,-0.7
128.29 USDC,11/3/22,11/16/22,$128.46 ,$128.68 ,,,-0.21
400 USDC,11/3/22,11/16/22,$400.54 ,$401.21 ,,,-0.67
600 USDC,11/3/22,11/16/22,$600.81 ,$601.81 ,,,-1
637.5 USDC,11/3/22,11/16/22,$638.36 ,$639.43 ,,,-1.06
1310 USDC,11/3/22,11/16/22,"$1,311.77 ","$1,313.96 ",,,-2.18
4166.5 USDC,11/3/22,11/16/22,"$4,172.14 ","$4,179.09 ",,,-6.95
1500 USDC,11/3/22,11/16/22,"$1,502.03 ","$1,504.53 ",,,-2.5
218 USDC,11/3/22,11/16/22,$218.30 ,$218.66 ,,,-0.36
227.8 USDC,11/3/22,11/16/22,$228.11 ,$228.49 ,,,-0.38
160 USDC,11/3/22,11/16/22,$160.22 ,$160.48 ,,,-0.27
240 USDC,11/3/22,11/16/22,$240.33 ,$240.73 ,,,-0.4
576 USDC,11/3/22,11/23/22,$575.62 ,$577.74 ,,,-2.12
11520 USDC,11/3/22,11/23/22,"$11,512.39 ","$11,554.81 ",,,-42.41
14081.6 USDC,11/3/22,11/23/22,"$14,072.30 ","$14,124.15 ",,,-51.84
2000 USDC,11/3/22,11/23/22,"$1,998.68 ","$2,006.04 ",,,-7.36
2625 USDC,11/3/22,11/28/22,"$2,628.80 ","$2,632.93 ",,,-4.13
7424.592965 USDC,11/3/22,11/28/22,"$7,435.35 ","$7,447.03 ",,,-11.68
250 USDC,11/3/22,11/28/22,$250.36 ,$250.76 ,,,-0.39
13325.407035 USDC,11/7/22,11/28/22,"$13,344.71 ","$13,326.06 ",,,18.65
1733.33 USDC,11/7/22,12/1/22,"$1,733.31 ","$1,733.41 ",,,-0.1
6933.34 USDC,11/7/22,12/1/22,"$6,933.27 ","$6,933.68 ",,,-0.41
4007.922965 USDC,11/7/22,12/1/22,"$4,007.88 ","$4,008.12 ",,,-0.24
2150 USDC,11/12/22,12/1/22,"$2,149.98 ","$2,159.24 ",,,-9.26
215 USDC,11/12/22,12/1/22,$215.00 ,$215.92 ,,,-0.93
2293.737035 USDC,11/18/22,12/1/22,"$2,293.71 ","$2,295.91 ",,,-2.2
6933.34 USDC,11/18/22,12/1/22,"$6,933.27 ","$6,939.92 ",,,-6.65
2000 USDC,11/18/22,12/2/22,"$1,999.62 ","$2,001.90 ",,,-2.27
11520 USDC,11/18/22,12/2/22,"$11,517.84 ","$11,530.94 ",,,-13.1
576 USDC,11/18/22,12/2/22,$575.89 ,$576.55 ,,,-0.66
2926.922965 USDC,11/18/22,12/2/22,"$2,926.37 ","$2,929.70 ",,,-3.33
6250 USDC,11/18/22,12/2/22,"$6,248.83 ","$6,255.93 ",,,-7.11
4904.677035 USDC,11/23/22,12/2/22,"$4,903.76 ","$4,901.44 ",,,2.32
1500 USDC,11/23/22,12/6/22,"$1,500.22 ","$1,499.01 ",,,1.21
1500 USDC,11/23/22,12/7/22,"$1,498.52 ","$1,499.01 ",,,-0.49
200 USDC,11/23/22,12/7/22,$199.80 ,$199.87 ,,,-0.07
13238.25 USDC,11/23/22,12/7/22,"$13,225.20 ","$13,229.51 ",,,-4.31
13017.67 USDC,11/23/22,12/7/22,"$13,004.84 ","$13,009.07 ",,,-4.24
1562.5 USDC,11/23/22,12/7/22,"$1,560.96 ","$1,561.47 ",,,-0.51
3645.83 USDC,11/23/22,12/7/22,"$3,642.24 ","$3,643.42 ",,,-1.19
1950 USDC,11/23/22,12/7/22,"$1,948.08 ","$1,948.71 ",,,-0.63
13032.333 USDC,11/23/22,12/7/22,"$13,019.49 ","$13,023.73 ",,,-4.24
6927.139965 USDC,11/23/22,12/7/22,"$6,920.31 ","$6,922.57 ",,,-2.25
6284.610035 USDC,11/30/22,12/7/22,"$6,278.41 ","$6,287.68 ",,,-9.26
14583.333 USDC,11/30/22,12/7/22,"$14,568.96 ","$14,590.45 ",,,-21.49
2332.056965 USDC,11/30/22,12/7/22,"$2,329.76 ","$2,333.20 ",,,-3.44
12251.276035 USDC,12/1/22,12/7/22,"$12,239.20 ","$12,251.15 ",,,-11.95
650 USDC,12/1/22,12/8/22,$650.33 ,$649.99 ,,,0.34
174 USDC,12/1/22,12/8/22,$174.09 ,$174.00 ,,,0.09
1500 USDC,12/1/22,12/8/22,"$1,500.77 ","$1,499.98 ",,,0.78
1836 USDC,12/1/22,12/8/22,"$1,836.94 ","$1,835.98 ",,,0.96
1779 USDC,12/1/22,12/8/22,"$1,779.91 ","$1,778.98 ",,,0.93
943 USDC,12/1/22,12/8/22,$943.48 ,$942.99 ,,,0.49
1055 USDC,12/1/22,12/8/22,"$1,055.54 ","$1,054.99 ",,,0.55
2460 USDC,12/1/22,12/8/22,"$2,461.26 ","$2,459.97 ",,,1.28
2100 USDC,12/1/22,12/8/22,"$2,101.07 ","$2,099.98 ",,,1.1
1251.723965 USDC,12/1/22,12/8/22,"$1,252.36 ","$1,251.71 ",,,0.65
908.276035 USDC,12/5/22,12/8/22,$908.74 ,$908.53 ,,,0.21
1265 USDC,12/5/22,12/8/22,"$1,265.65 ","$1,265.36 ",,,0.29
580 USDC,12/5/22,12/8/22,$580.30 ,$580.16 ,,,0.13
4167 USDC,12/5/22,12/8/22,"$4,169.13 ","$4,168.17 ",,,0.96
1500 USDC,12/5/22,12/8/22,"$1,500.77 ","$1,500.42 ",,,0.35
267.223965 USDC,12/5/22,12/8/22,$267.36 ,$267.30 ,,,0.06
734.776035 USDC,12/5/22,12/8/22,$735.15 ,$734.98 ,,,0.17
300 USDC,12/5/22,12/8/22,$300.15 ,$300.08 ,,,0.07
1145 USDC,12/5/22,12/8/22,"$1,145.59 ","$1,145.32 ",,,0.26
400 USDC,12/5/22,12/8/22,$400.20 ,$400.11 ,,,0.09
1458 USDC,12/5/22,12/8/22,"$1,458.75 ","$1,458.41 ",,,0.34
80 USDC,12/5/22,12/8/22,$80.04 ,$80.02 ,,,0.02
2200 USDC,12/5/22,12/8/22,"$2,201.13 ","$2,200.62 ",,,0.51
974 USDC,12/5/22,12/8/22,$974.50 ,$974.27 ,,,0.22
75 USDC,12/5/22,12/8/22,$75.04 ,$75.02 ,,,0.02
240 USDC,12/5/22,12/8/22,$240.12 ,$240.07 ,,,0.06
3014.69 DAI,6/5/22,12/8/22,"$3,015.41 ","$3,018.24 ",,,-2.83
4838 USDC,12/5/22,12/8/22,"$4,840.47 ","$4,839.36 ",,,1.11
347.8 DAI,6/5/22,12/8/22,$347.88 ,$348.21 ,,,-0.33
2812.2 DAI,6/5/22,12/8/22,"$2,812.87 ","$2,815.51 ",,,-2.64
255.559037293570296518 DAI,6/5/22,12/8/22,$255.62 ,$255.86 ,,,-0.24
982.840962706429703482 DAI,9/26/22,12/8/22,$983.07 ,$983.92 ,,,-0.84
427.9475 DAI,9/26/22,12/8/22,$428.05 ,$428.42 ,,,-0.37
2451 DAI,9/26/22,12/8/22,"$2,451.58 ","$2,453.68 ",,,-2.1
1857.6 DAI,9/26/22,12/8/22,"$1,858.04 ","$1,859.63 ",,,-1.59
2270 DAI,9/26/22,12/8/22,"$2,270.54 ","$2,272.48 ",,,-1.94
123 DAI,9/26/22,12/8/22,$123.03 ,$123.13 ,,,-0.11
7000 USDC,12/5/22,12/13/22,"$6,986.48 ","$7,001.97 ",,,-15.49
1000 USDC,12/5/22,12/13/22,$998.07 ,"$1,000.28 ",,,-2.21
13.00047841 USDC,12/5/22,12/21/22,$13.00 ,$13.00 ,,,-0.01
11520 USDC,12/5/22,12/23/22,"$11,525.68 ","$11,523.24 ",,,2.44
7616.8 USDC,12/5/22,12/23/22,"$7,620.56 ","$7,618.94 ",,,1.61
288 USDC,12/5/22,12/23/22,$288.14 ,$288.08 ,,,0.06
1000 USDC,12/5/22,12/23/22,"$1,000.49 ","$1,000.28 ",,,0.21
2000 USDC,12/5/22,12/27/22,"$2,002.03 ","$2,000.56 ",,,1.47
11520 USDC,12/5/22,12/27/22,"$11,531.72 ","$11,523.24 ",,,8.48
576 USDC,12/5/22,12/27/22,$576.59 ,$576.16 ,,,0.42
14081.6 USDC,12/5/22,12/27/22,"$14,095.93 ","$14,085.56 ",,,10.36
2000 USDC,12/5/22,12/27/22,"$2,002.03 ","$2,000.56 ",,,1.47
1250 USDC,12/5/22,12/27/22,"$1,251.27 ","$1,250.35 ",,,0.92
2000 USDC,12/5/22,12/27/22,"$2,002.03 ","$2,000.56 ",,,1.47
2000 USDC,12/5/22,12/27/22,"$2,002.03 ","$2,000.56 ",,,1.47
2000 USDC,12/5/22,12/27/22,"$2,002.03 ","$2,000.56 ",,,1.47
2000 USDC,12/5/22,12/27/22,"$2,002.03 ","$2,000.56 ",,,1.47
1900 USDC,12/5/22,12/29/22,"$1,901.13 ","$1,900.53 ",,,0.6
1000 USDC,12/5/22,12/29/22,"$1,000.60 ","$1,000.28 ",,,0.32
1900 USDC,12/5/22,12/29/22,"$1,901.13 ","$1,900.53 ",,,0.6
1743.76091370 USDC,12/5/22,12/29/22,"$1,744.80 ","$1,744.25 ",,,0.55
10 USDC,12/12/22,12/29/22,$10.01 ,$10.01 ,,,-0.01
4726.23908630 USDC,12/12/22,12/29/22,"$4,729.06 ","$4,731.56 ",,,-2.5
2520 USDC,12/12/22,12/29/22,"$2,521.50 ","$2,522.84 ",,,-1.33
645 USDC,12/12/22,12/29/22,$645.38 ,$645.73 ,,,-0.34
111.06 USDC,12/12/22,12/29/22,$111.13 ,$111.19 ,,,-0.06
1987.70091370 USDC,12/12/22,12/29/22,"$1,988.89 ","$1,989.94 ",,,-1.05
2000 USDC,12/15/22,12/29/22,"$2,001.19 ","$2,000.96 ",,,0.24
2000 USDC,12/15/22,12/29/22,"$2,001.19 ","$2,000.96 ",,,0.24
460.44382182 USDC,12/21/22,12/29/22,$460.72 ,$460.40 ,,,0.32
5835.2841058 USDC,12/21/22,12/29/22,"$5,838.76 ","$5,834.70 ",,,4.06
496.57115868 USDC,12/21/22,12/29/22,$496.87 ,$496.52 ,,,0.35
2000 USDC,12/21/22,12/29/22,"$2,001.19 ","$1,999.80 ",,,1.39
1460 USDC,12/21/22,12/30/22,"$1,460.53 ","$1,459.85 ",,,0.67
0.00315 ETH,5/2/22,12/30/22,$3.78 ,$8.92 ,,,-5.14
0.00316 ETH,5/2/22,12/30/22,$3.80 ,$8.95 ,,,-5.15
150 DAI,9/26/22,12/30/22,$150.09 ,$150.16 ,,,-0.08
78 USDC,12/21/22,12/30/22,$78.03 ,$77.99 ,,,0.04
0.00402 ETH,5/2/22,12/30/22,$4.83 ,$11.39 ,,,-6.56
0.0033 ETH,5/2/22,12/30/22,$3.97 ,$9.35 ,,,-5.38
948 DAI,9/26/22,12/30/22,$948.55 ,$949.04 ,,,-0.49
0.00496 ETH,5/2/22,12/30/22,$5.96 ,$14.05 ,,,-8.09
400 DAI,9/26/22,12/30/22,$400.23 ,$400.44 ,,,-0.21
0.00626 ETH,5/2/22,12/30/22,$7.52 ,$17.73 ,,,-10.21
0.00621 ETH,5/2/22,12/30/22,$7.46 ,$17.59 ,,,-10.13
900 DAI,9/26/22,12/30/22,$900.52 ,$900.98 ,,,-0.46
0.00309 ETH,5/2/22,12/30/22,$3.71 ,$8.75 ,,,-5.04
180 DAI,9/26/22,12/30/22,$180.10 ,$180.20 ,,,-0.09
0.0026 ETH,5/2/22,12/30/22,$3.12 ,$7.36 ,,,-4.24
125 DAI,9/26/22,12/30/22,$125.07 ,$125.14 ,,,-0.06
0.00603 ETH,5/2/22,12/30/22,$7.25 ,$17.08 ,,,-9.83
0.00597 ETH,5/2/22,12/30/22,$7.17 ,$16.91 ,,,-9.74
0.00236 ETH,5/2/22,12/30/22,$2.84 ,$6.68 ,,,-3.85
1000 DAI,9/26/22,12/30/22,"$1,000.58 ","$1,001.09 ",,,-0.51
0.00358 ETH,5/2/22,12/30/22,$4.30 ,$10.14 ,,,-5.84
650 DAI,9/26/22,12/30/22,$650.38 ,$650.71 ,,,-0.33
215 USDC,12/21/22,12/30/22,$215.08 ,$214.98 ,,,0.1
0.00224 ETH,5/2/22,12/30/22,$2.69 ,$6.34 ,,,-3.65
550 DAI,9/26/22,12/30/22,$550.32 ,$550.60 ,,,-0.28
0.00252 ETH,5/2/22,12/30/22,$3.03 ,$7.14 ,,,-4.11
2250.66804712 USDC,12/21/22,12/30/22,"$2,251.48 ","$2,250.44 ",,,1.04
2460.55851914 USDC,12/21/22,12/30/22,"$2,461.44 ","$2,460.31 ",,,1.13
3621.77343374 USDC,12/22/22,12/30/22,"$3,623.08 ","$3,625.42 ",,,-2.35
450 DAI,9/26/22,12/30/22,$450.26 ,$450.49 ,,,-0.23
0.00344 ETH,5/2/22,12/30/22,$4.13 ,$9.74 ,,,-5.61
0.00348 ETH,5/2/22,12/30/22,$4.18 ,$9.86 ,,,-5.68
0.0053 ETH,5/2/22,12/30/22,$6.37 ,$15.01 ,,,-8.64
975 USDC,12/22/22,12/30/22,$975.35 ,$975.98 ,,,-0.63
0.00273 ETH,5/2/22,12/30/22,$3.28 ,$7.73 ,,,-4.45
0.00124 ETH,5/2/22,12/30/22,$1.49 ,$3.51 ,,,-2.02
0.00208 ETH,5/2/22,12/30/22,$2.50 ,$5.89 ,,,-3.39
0.00134 ETH,5/2/22,12/30/22,$1.61 ,$3.80 ,,,-2.19
0.00281 ETH,5/2/22,12/30/22,$3.38 ,$7.96 ,,,-4.58
200 DAI,9/26/22,12/30/22,$200.12 ,$200.22 ,,,-0.1
0.0015 ETH,5/2/22,12/30/22,$1.80 ,$4.25 ,,,-2.45
1078.22656626 USDC,12/22/22,12/30/22,"$1,078.61 ","$1,079.31 ",,,-0.7
567.5 USDC,12/22/22,12/30/22,$567.70 ,$568.07 ,,,-0.37
547.27343374 USDC,12/23/22,12/30/22,$547.47 ,$547.54 ,,,-0.07
0.00255 ETH,5/2/22,12/30/22,$3.06 ,$7.22 ,,,-4.16
1500 USDC,12/23/22,12/30/22,"$1,500.54 ","$1,500.74 ",,,-0.2
0.00294 ETH,5/2/22,12/30/22,$3.53 ,$8.33 ,,,-4.8
0.00156 ETH,5/2/22,12/30/22,$1.87 ,$4.42 ,,,-2.54
650 DAI,9/26/22,12/30/22,$650.38 ,$650.71 ,,,-0.33
600 DAI,9/26/22,12/30/22,$600.35 ,$600.66 ,,,-0.31
0.00666 ETH,5/2/22,12/30/22,$8.00 ,$18.86 ,,,-10.86
0.00276 ETH,5/2/22,12/30/22,$3.32 ,$7.82 ,,,-4.5
4370 DAI,9/26/22,12/30/22,"$4,372.54 ","$4,374.78 ",,,-2.24
0.00162 ETH,5/2/22,12/30/22,$1.95 ,$4.59 ,,,-2.64
0.0079 ETH,5/2/22,12/30/22,$9.49 ,$22.38 ,,,-12.88
14583.333 USDC,12/23/22,12/30/22,"$14,588.58 ","$14,590.52 ",,,-1.94
5478.19356626 USDC,12/23/22,12/30/22,"$5,480.16 ","$5,480.89 ",,,-0.73
5990 USDC,12/23/22,12/30/22,"$5,992.16 ","$5,992.95 ",,,-0.8
3105.13943374 USDC,12/23/22,12/30/22,"$3,106.26 ","$3,106.67 ",,,-0.41
200 USDC,12/23/22,12/30/22,$200.07 ,$200.10 ,,,-0.03
13017.67 USDC,12/23/22,12/30/22,"$13,022.35 ","$13,024.09 ",,,-1.73
13238.25 USDC,12/23/22,12/30/22,"$13,243.01 ","$13,244.78 ",,,-1.76
1178.14056626 USDC,12/23/22,12/30/22,"$1,178.56 ","$1,178.72 ",,,-0.16
4296.85943374 USDC,12/26/22,12/30/22,"$4,298.41 ","$4,302.02 ",,,-3.62
1953.14056626 USDC,12/26/22,12/30/22,"$1,953.84 ","$1,955.49 ",,,-1.65
11079.19243374 USDC,12/29/22,12/30/22,"$11,083.18 ","$11,085.80 ",,,-2.62
3645.83 USDC,12/29/22,12/30/22,"$3,647.14 ","$3,648.00 ",,,-0.86
13211.75 USDC,12/29/22,12/30/22,"$13,216.50 ","$13,219.63 ",,,-3.13
2388 USDC,12/29/22,12/30/22,"$2,388.86 ","$2,389.42 ",,,-0.56
2064 USDC,12/29/22,12/30/22,"$2,064.74 ","$2,065.23 ",,,-0.49
2580 USDC,12/29/22,12/30/22,"$2,580.93 ","$2,581.54 ",,,-0.61
339 USDC,12/29/22,12/30/22,$339.12 ,$339.20 ,,,-0.08
3818.4 USDC,12/29/22,12/30/22,"$3,819.77 ","$3,820.68 ",,,-0.9
2786.4 USDC,12/29/22,12/30/22,"$2,787.40 ","$2,788.06 ",,,-0.66
1135.2 USDC,12/29/22,12/30/22,"$1,135.61 ","$1,135.88 ",,,-0.27